#{"t_start": 1543372377.9351583, "env_id": "CartPole-v1"}
r,l,t
16.0,16,1.893096
