#{"t_start": 1543300662.2025537, "env_id": "TutankhamNoFrameskip-v4"}
r,l,t
1.0,442,81.810834
25.0,2461,224.01617
