#{"t_start": 1543372377.9202697, "env_id": "CartPole-v1"}
r,l,t
11.0,11,1.729746
10.0,10,1.855104
