#{"t_start": 1543313959.4577973, "env_id": "TutankhamNoFrameskip-v4"}
r,l,t
0.0,10237,1569.817915
0.0,10174,3202.62001
